App name,Category,Version,Rating,Review,Downloads,If target is MSM,Group,Description,
?sForHer Lesbian LGBTQ+ Fun?s Grow Yr Relationship,Lifestyle,,0,0,50+,No,"lesbian, bisexual and queer relationships","A fun conversation starter app for new and seasoned lesbian, bisexual and queer relationships! Fun with friends too!",
[BL] NEXUS Code Plus [A romance game for women],Adventure,,3.8,368,"10,000+",,,,
„ÄêBL„ÄëReversing Caste: Omegaverse (Romantic Game),Simulation,,,,,,,,
„ÄêÁÑ°ÊñôBL„ÄëÂæíËä±„ÅÆÂ•ë„Çä„ÄÄÂíåË£Ö„Éú„Éº„Ç§„Ç∫„É©„Éñ/ÊÅãÊÑõ„Ç≤„Éº„É†,Simulation,,,,,,,,
#SelfCare,Role Playing,,,,,,,,
üåà Pride Wallpaper LGBTQ Backgrounds,Personalization,,,,,,,,
üçÜüçë Gay Radar Live Video Dating Chat - Chance,Dating,,3.7,887,,Yes,"Gay & bi, bears & twinks","Gay & bi, bears & twinks, all are here!
Safe. Free. Instant dates.

DATES. Cut to the chase! Guys nearby want to go out. Just set ‚ÄúReady to date‚Äù mode and meet them up tonight.
PRIVATE. Text that pretty guy! Frisky stickers, photos and videos are here for you.
DARKROOMS. Discuss hot LGBT news, local gay scene events, relationships and more in group chats.
100% CONFIDENTIAL. No third party has access to your personal data.

Use your Chance to find you an awesome guy!",
üè≥Ô∏è‚Äçüåà LGBT Stickers : Stickers de LGBT Orgullo üåà,Communication,,,,,No,,,
"üíú Female Gay Dating, Lesbian Chat - Wonder",Dating,,,,,No,lesbian,,
12 Signs of Love - interactive love story,Role Playing,,,,,,,,
2048 Gay Edition,Puzzle,,,,,,,,
3Fun - Threesome Dating App,Dating,,0,0,100+,Yes,bisexuals or couples dating ,"Over the past couple of years, very little has been done to improve the dating life of bisexuals or couples dating apps. It is time for that to change. Everyone deserves to have the option to use dating services if they choose to. This is why dedicated dating apps for bisexual adults are needed. As more members join the community, dating will become much easier. Without a dedicated dating app, a young bisexual, a couple seeking women, someone looking for threesomes any many others may never get the chance to explore their sexuality or try new things. A well-made dating app saves time, makes things easier and despite popular belief, dating is much more successful. Unlike meeting new people in real-life, online dating already applies a filter and users get to know a bit the person you will be dating even before meeting them. Also, you get to date more people without wasting much time.

As the industry grows and more bisexual dating apps emerge, this minority will be accepted easier by society. Threesome apps are no longer considered taboo by most adults and bisexual adults will find it easier to open up about their sexuality even without using dating apps. There is still a long way until we get there but it is all about the journey. It has never been easier to find a date or even a one-night-stand. Hot new bisexuals joining every day and ready to meet new people. All it takes is to create a profile and start exploring like-minded individuals and it all takes just a few minutes to get started.",
3Fun - Threesome Dating for Couples & Singles,Dating,"Current Version
2.7.2",4.3,"30,986","1,000,000+",Yes,"All and gay, lesbian, bisexual, pansexual, polysexual, queer or transgender","3Fun is the Largest Dating Community for threesome Lovers and Swingers!

- Privacy Protection: You can just upload a photo to your private album. Only your matches can see your hot private photos!

- Photo Verification: With our verification system, we make sure the people you date with look like their profile photos!

- Free Messages: Send Unlimited private messages with your matches for FREE!

- Chat synchronously with one account!

Whether you are a gay, lesbian, bisexual, pansexual, polysexual, queer or transgender, we've got you covered!

Any porn, nude content is not allowed.

Are you ready? Go 3Fun now!
Any questions, contact Support@Go3fun.co

Top cities where 3Fun used the most in the US: New York, Los Angeles, Chicago, Houston, Phoenix, San Antonio, San Diego, Philadelphia, Dallas, San Jose, San Francisco, Las Vegas, Washington, D. C.

- Privacy: https://go3fun.co/privacy_policy
- Terms: https://go3fun.co/terms_of_use
- You must be at least 18 years of age to access and use 3Fun.",
3Kiss-Threesome Dating Hookup For Swingers Couples,Dating,"Current Version
1.0",0,0,50+,Yes,swingers and bisexual dating couples,"3KISS is a premium threesome dating app for swingers and bisexual dating couples. Which is simple and easier compared to other apps.here you can find all bisexual and lgbt singles, couples, threesome and foursome people easily. In a single word all types of online dating arrangements are possible with this 3KISS app. If you are looking for mature dating with beautiful bi curious , lesbian,gay,bi ,trans, queer singles, bi couples, three some or four some couples with the long term or short term relationships this app is the best match for you. No matter in which part of the world you‚Äôre, we will find the best match for you.

Finding Threesome swinger couples in yourself is not easy task as your sexual preference. But 3kiss app can make you approach the like minded and open minded people easily as your sexual preference. Because large part of bisexual and bi curious, LGBTQ,threesome and foursome people already register with us. so find your spicy singles and couples Just register with our app and give some of your personal details for verification. Your personal data is totally safe with us. Set some dating preferences and we will do it all for you. The best thing about our app is that you can get your desired partner wherever you are in the world. So hurry to bond with your spicy love. You‚Äôre just a few steps away from getting lost into your partner‚Äôs arms.
Some of the key features on our app include:
-Free Registration & First Date Ideas
-Largest blogs
-Verified members
-Dating advice &Safety Tips
- Send messages to other members

-Use advanced search tools to find like-minded people

-Feature at the top of search result listings

-Get to know members who are interested in you

-Advanced profile and photo privacy control

-Upload photos and maintain photo albums

3Kiss can arrange the sessions for those who are deep thought about threesome dating and looking for threesome sex.we can help you out at anytime. You won‚Äôt have to face any kind of embarrassment or shameful situation. We have a largest and more effective list of couples and individuals of your nearby locations who are seeking for threesome love and relationships. Generally, you might feel awkward to approach a couple or two individuals for a threesome. But we will introduce you to the couples and singles who are interested in getting engaged in threesome with you. So, you can just the fun of threesome in real life with passionate people. We are here to help you 24x7 anytime. You just need to register with the 3KISS app to feel the thrill of having an erotic threesome session.
In case if you‚Äôre a lesbian and not finding a partner to have sexual intercourse, we are here for you. We will provide you with a long list of bi women who are looking for someone like you. You can select the partner of your choice from the list. You can chat with your partner before going for a date to know each other more closely. You can just get into the action as soon as possible. So, just join the large family of 3KISS today and get open minded or like minded people in your life.",
3rd: Threesome Dating App for Swingers and Couples,Social,,5,432,"5,000+",Yes,"straight to gay, lesbian, bisexual, queer or transgender","3rd is a premium and secure threesome dating app for open-minded singles or couples who are looking for match, chat and meet up.

This is an open hookup dating platform, from open-minded couples to curious singles, from straight to gay, lesbian, bisexual, queer or transgender, it is open to everyone who are looking to explore their 3some dating desires and swing fetlife style in a safe and private space.

If you are looking for local kinky bisexual swingers or couples to improve your alternative lifestyle, 3rd is the right private place for you.

3rd Features:

Search - Filter couples and singles by location, distance, age, etc.
Match - Find a match by like and dislike
Moments - Share stories, threesome dating experiences and swing life

Now join us and create your profile for free to find a partner who are into threesome and swing lifestyle.",
3Some - Couples & Singles Seeking Threesome Dates,Lifestyle,,2,24,,NO???,,"3Some brings together open-minded couples and singles who are into threesome lifestyle. Join for free to meet local people now!

Other features:
. Bookmark profiles
. See who viewed your profile
. See compatible members
. See hot members and add your profile to hot list
. Browse profiles and show interests with one tap
. Search profiles by distance, age range, online only, with photo, and username
. Send, read and reply to messages

Subscription Prices**
1 month subscription with auto renewal: $9.99
3 month subscription: $19.99
6 month subscription: $29.99

**Prices are in U.S. dollars, may vary in countries other than the U.S. and are subject to change without notice.

DISCLAIMER
*No porn, adult or children photos are allowed
*18+ years old is allowed to join
*Privacy Policy - https://www.seekingthreesome.com/privacy
*Service Agreement - https://www.seekingthreesome.com/terms-of-use",
3some Dating App: Threesome Hookup & Couples Date,Dating,1.0.01,5,166,500+,NO???,,"3some is one of the best threesome dating and bisexual hookup apps that are dedicated to helping open-minded singles and married couples find local three way partners. The 3some app is more than a three-way dating club or 3 fun hookup app for single women, men, and couples, it provides a way of swing lifestyle for adult three way friend finder, bisexual women & men, and all kinky people.

As one of the best hookup apps & online dating sites for MMF and FFM threesome partners, 3some app provides a new way for single women looking for kinky couples, and open-minded bi women and couples seeking a single girl. No matter if you are a bisexual woman, a gay man, a kink single, and even a married couple, 3some app is now prepared to help you find exactly what you are looking for. Although 3some app is one of the most professional three way dating apps for adult friend hookups and bisexual singles, bbw women, lesbian women, gay men and even transgender women are all welcome to join the threesome club.

On 3some app, all users can browse local singles & couples anonymously. You can like or dislike recommended profiles with attractive photos instantly as long as any new people join our threesome app. We offer the most valuable features in its free base download. Not only can you actually see who likes your profile and chat unlimitedly, but you can browse, add photos, and set location boundaries so your neighbors don‚Äôt find your account.

How to use 3some:
1. Place your dating profile with photos in three easy steps.
2. Create a threesome date that allows local hookup to join your date plan.
3. Share your swing lifestyle with others.
4. Search and meet up with nice bi cupid and hookups you are looking for.
5. Invite others to your date and enjoy a threesome with him or her.",
3some Fun - Dating for bisexuals,Dating,1,0,0,0+,,,"3Some Fun is the perfect solution for bisexual people looking to find their match online. Among a bunch of dating apps available on the internet, what makes us different is that we give you ample information to narrow down your potential matches. Being a bisexual, finding matches from your same-sex can be challenging.

If your partner is bisexual, you can avoid a lot of confusion that a partner might have about your bisexuality. Knowing you are appreciated and understood in a relationship is not an easy feat to meet. The first step that we help you overcome as a bisexual is that when you meet someone from our app, you know for sure that the potential matches in this app will not be judgemental but accepting.

There may not be many bisexual apps available in your location. and the need for partners for bisexuals shouldn‚Äôt go unmet. We are here to help you find your love, fling, or even your soulmate with our genuine profiles of bisexual dating matches. Still, we are not saying internet meetups are one hundred percent safe for relationships. But it has definitely changed the way dating works and bisexuals need to experience such a wide platform without any hassles. Our motto is to provide a wide range of matches, from different localities who are ready to find a partner under one bisexual dating app.

3Some Fun provides you a wide range of services to our users. Our key features for users on the app would include, options to upload profile photos and photo albums of users and you can direct message any members on the site. Our advanced searching tools will help you find like-minded people from the app users. An upgrade option to feature your profile in the app will show your profile at the top of search results this will get you more visibility. Our ethical privacy control will let you decide what you want to share with other users on the website and your information will be safely guarded by our security team. A special blog for dating tips from the best in the dating industry will be an additional feature of our app. When newly registered users are on 3some dating app, you'll get to know it in your profile.

Our app has been designed to find your true match for people looking for a bisexual dating partner. 3some app is open to people of all backgrounds and gender irrespective of their ethnicity and age. Join us and take the first step to find your love, fling, or soulmate. The compatibility algorithms of our app will help you find the most ideal matches as per your interests. Online dating can help you break the ice of awkwardness in finding a bisexual partner in normal life. Sign up now for free and be a part of the bisexual community.",
3Somer: Threesome Dating App for Couples Dating,,,,,,,,"üî•3somer is a safe threesome dating app for open-minded couples and singles.üî•

If you are looking for the best couples dating apps or sites, our dating app could be your choice! As a dating app for singles and couples who are interested in the threesome lifestyle, 3somer is dedicated to helping them find their partners nearby in a fast and easy way. Our app is also a friend finder app. Here you can find local dates, romance, and marriage in your area. Whether you are lesbian, gay, bisexual, or transgender, our community can help you meet like-minded people.

3somer provides users with the following main features:

üòç1, Search - Set up your searching criteria and find unicorns near you. You can search for guys and girls not only from English-speaking countries like the U.S., UK, Canada, and Australia but also from countries like Germany, Brazil, and Singapore. Also, we are a non-judgmental threesome dating community. Whether you are black or Asian, you will feel welcomed.
üòç2, Reversed search - This feature shows people who are looking for users like you.
üòç3, Show - You can share photos of your lifestyle to let others know more about you

It's FREE to download our android app. Join us now and chat with people from all over the world.

Warning:
Please note that 3somer is only for 18+ adults. You must be at least 18 years old to join us!",
3Somes - Pure Threesome Swingers Dating for 3Fun,,,,,,,,,
9monsters - Gay Chat & Dating,Social,"Current Version
3.12.4",3.7,"3,890","500,000+",Yes,gay,"9monsters is a very unique gay social app originating in Japan with a central focus on the Asia-Pacific.
Mainly, This app has 3 key features which are all exclusive functionality!

„ÄêFEATURES„Äë
-Feature1 : Breeding system!

""Breeding"" is very simple social communication!
If you find a guy you are interested in, simply select the button ""Breeding"" from the menu button located upper right corner of home. then , Breeding allows you to find:

1.Your type
2.Which category/monster other users think you belong to
3.Who likes you

Each user can enjoy meeting people through this revolutionary ""breeding"" automatically!

-Feature2 : Auto translate messaging.

Do you sometimes find difficulty communicating with people from different countries?
you don't have to worry about that any more!
Depending on who you are speaking to, your messages will be automatically translated as you send them.

-Feature3 : Spot Jump

For Example, When you planning a trip, Do you sometime want to make friend or get the information regarding the place you will be?
This function allows you to set the location to somewhere you want without by using GPS.
Then, Peoples in around area you chose be able to see you like you are near by them.


„ÄêOTHERS„Äë
- Text Messaging/ Sharing GPS information and photos.
- Camouflage function which allows you to fake your location to other users to protect your privacy.
- Global user Search
- Area Search
- Near by Search
- Favorites list & Followers list
- See who's visited you
- Advanced Filter function
- Advanced Sorting function
„ÉªPublic pictures
„ÉªAudition system

„ÄêPersonal Information Privacy Policy„Äë
The information regarding you and your location will be used only in application for sharing information between users.
It won't be used for other purposes without obtaining your consent.

„ÄêTERMS OF SERVICE„Äë
https://ninemonsters.com/en/terms-of-service",
Adam4Adam - Gay Chat & Dating App - A4A - Radar,Social,4.6.2.1,4,"13,003","1,000,000+",Yes,gay,"With 15 years in the dating industry, 10 million users, and being 100% FREE, it‚Äôs no wonder that Adam4dam - Radar - is the industry-leading gay social network. Whether you‚Äôre looking for a date, chat, friends, long term relationships, networking opportunities or casual fun, you‚Äôll find it on Adam4Adam Radar. We‚Äôve been part of our users‚Äô lives for so long that they‚Äôve even given us a nickname ‚Äî A4A. What other app can say the same?
Browse. Chat. Meet. It is easy to meet guys on Adam4Adam and we redesigned our app to make it even better, faster, and easier to use. We‚Äôre the only app offering a full, FREE experience with tons of features that other apps charge for.

- Browse unlimited profiles in five different grids based on your location
- Browse users in other cities if you plan to travel
- View all users or only users that are online
- Use over 20 filters‚Äîage, body type, preferences, etc.‚Äîto find what you‚Äôre looking for
- Send unlimited photos within a conversation
- Send and receive unlimited messages
- Send saved phrases to speed things up
- Add users to your favorites and block others
- See who favorited you
- Send your location within a conversation
- Make the first move and send a smile to users that you appreciate
- Customize your profile to represent who you are
- Connect your social media with your profile
- Upload multiple photos in your profile
- Drag and drop your photos to sort them
- Hide your last visit to a profile
- Track who visited your profile
- Show your travel plans with the Plan-a-Trip feature

Adam4Adam is free to download and use. However, we also offer a VIP membership that offers these extra features:

- Turn off publicity
- Browse discreetly using the invisible mode
- Get listed in the Featured Members grid
- Keep unlimited conversation history
- Save up to 200 conversations
- Upload more photos in your profile
- Get unlimited favorites and blocks
- Get priority support and skip ahead of the queue

If you choose to purchase Adam4Adam VIP, payment will be charged to your account, and your account will be charged for renewal within 24-hours prior to the end of the current period. Auto-renewal may be turned off at any time by going to your settings after purchase. Current Adam4Adam VIP subscription price starts at $4.00 USD/week. Prices are in U.S. dollars, may vary in countries other than the U.S. and are subject to change without notice. No cancellation of the current subscription is allowed during the active subscription period.

You must be 18 years and older to use Adam4Adam Radar. Photos depicting nudity are strictly prohibited in the RADAR native app.",
Affairs of the Court: Choice of Romance,Role Playing,,,,,,,,
Agender - Events and venues gay guide,Travel & Local,,,,,,,,
AM I GAY,Books & Reference,,,,,,,,
AM I LESBIAN,Books & Reference,,,,,,,,
Amino para Furry LGBT,Social,,,,,,,"Furry LGBT + Amino is the community of high growth and chat platform for LGBT + furry and allies. Meet new friends, express yourself and share your opinion in a welcoming and safe community.

- Meet others Furry LGBT + and allies
- Discusses issues and experiences being Furry LGBT +
- Share your resources, opinions and unique view point
- Get tips and support of a welcoming community
- Learn from and contribute to our catalog on Furry LGBT + - a useful resource for all learn more about the LGBT community Furry +",spanish not in English
"Apolo Gay - Theme, Icon pack, Wallpaper",Art & Design,,,,,,,,
"Apolo Lesbian - Theme, Icon pack, Wallpaper",Art & Design,,,,,,,,
Artfol,Social,,,,,No,The social network for artists.,"The social network for artists. Artfol is made for artists, focused on showcasing artwork and supporting any and all artists. Open to all forms of visual art, Artfol provides tools which give you full control of your Artfol experience; from customizing your profile and gallery to resharing your favorite artwork! Users can engage in discussions on the Community tab, browse art from the Discover page and converse with others through private messaging.


Key Features:

Discoverability
‚Ä¢ We are bringing back chronological feeds! Never miss when users post, as the posts on your feed will be kept in the order of when they were posted.
‚Ä¢ Our algorithms are weighed on recentness, this means that every artist (both big and small) will have an equal chance of having their posts seen.
‚Ä¢ Engage with the community; participating in challenges and answering questions are great ways to get exposure!

Community Challenges
‚Ä¢ Browse existing challenges through the dedicated challenge tab
‚Ä¢ Participate in challenges or start your own!
‚Ä¢ Browse challenge submissions through the submission tab.

Customizable Profiles
‚Ä¢ Customize your gallery by selecting which artwork to show people when they first visit your profile!
‚Ä¢ Upload your own profile picture and banner
‚Ä¢ Choose a theme colour for your profile
‚Ä¢ Write an intro which will show up below your username
‚Ä¢ Choose to add a commission tab to show others you are open to commissions!



Resharing Art
‚Ä¢ Reshare your favorite artwork from other artists!
‚Ä¢ Users will be able to like the original artwork through reshares

Post and Browse Text Posts
‚Ä¢ Make text posts to interact with your followers
‚Ä¢ Browse other text posts through the community tab
‚Ä¢ Browse questions asked by the community through the question tab or ask your own questions


Non-Artist Accounts
‚Ä¢ If you are not an artist but still would like to browse the app, make a non-artist account!
‚Ä¢ Get access to all the content on the platform
‚Ä¢ Have the ability to make text posts as well as comment on posts and reply to comments

Terms of Service: https://artfol.co/terms-of-service.html
Privacy Policy: https://artfol.co/terms-of-service.html#privacy-policy",
Ashley Madison,Dating,,,,,???,,"The official Ashley Madison app.
Now completely redesigned to provide you with the best discreet dating experience there is!
We've given the app a complete makeover, including a dynamic new way to search, and host of other great features you'll love.

- The new home page lets you easily see new members near you and who‚Äôs been checking you out.
- With Discover mode, you can swipe to like or dismiss, or even request more photos.
- An exhaustive list of filters lets you customize your search to find exactly who you're looking for.
- Connecting is easy with our redesigned messaging features.

As the official app for Ashley Madison, simply log in with your current username and password. The app is 100% free to download, so get started today.",
Astolfo (gay) sounds,Dating,,,,,,,,Not MSM social media dating app
Atraf - Local gay app,Social,,,,,,,"Atraf is a fun and easy way to connect with other gay guys near you no matter where you are. Meet nearby men, chat with guys that are currently visiting your city and say ‚ÄúHi‚Äù to locals on your next trip.

Atraf lets you:
> Check out guys in your city and in popular gay destinations worldwide, no matter where you are.
> See detailed profiles and use built-in hashtags and filters to find EXACTLY what you want.
> Upload up to 7 private or public pictures that‚Äôll show other users what you‚Äôre all about.
> See who checked out your profile and send them graphic footprints and quotes that will break the ice.
> Read users‚Äô shout-outs and see what everybody‚Äôs up to.

==================
Get more from your profile at:
WWW.ATRAF.COM
==================",
Attitude Magazine,News & Magazines,,,,,,,,
Austin Pride,Events,,,,,,,,
"Badoo ‚Äî The Dating App to Chat, Date & Meet People",Dating,,,,,,,"adoo is the place to date with honest people üíú


In a society that profits on our self-doubt, Badoo is the place where it pays to be the real, unapologetic you. We fight the ambiguity of modern dating with an authentic, unfiltered conversation. We believe real connection is born from being honest in who you are and what you really want.

Start your dating journey today! Join the biggest online dating app in the world, with millions of users who trust us.


How dating works on Badoo

Be clear in what you're looking for and who you'd like to find. Badoo is much more than other online dating apps, we are a social network that allows you to match and find a partner, or chat with people and find friends close to you.

üíú People Nearby: Meet honest singles around you and start dating today!
üíú Encounters: Straight forward swiping, right for üòç and left for üôÖ‚Äç‚ôÄÔ∏èüôÖ‚Äç‚ôÇÔ∏è
üíú Video Chat: Have fun connecting with your matches through face to face video calling ü§≥
üíú Verified profiles: You can choose to only interact with other verified profiles and find friends
üíú Blur intimate photos: We automatically detect explicit photos sent through Badoo and warn users before they open them

Get more matches becoming the centre of everyone's attentionüï∫

Badoo is a safe and online dating community composed of millions of singles ready to have a lovely conversation with you. Check out all our dating tools you can get separately:

üü™ Get more visits, be seen by MILLIONS of singles around you
üü™ Multiply your match opportunities appearing more when people are swiping
üü™ Move to the TOP and get seen by more people around you
üü™ 3X your popularity by getting all PRO dating features and save credits
üü™ Get more messages telling everyone you‚Äôre online and ready to chat - who said it‚Äôs hard to find a date on dating apps? We make it easier to meet people nearby in the way that you want to meet them...


Unlock the most powerful dating tools with Badoo PREMIUM

Serious about dating honestly? Then activate Badoo Premium. You'll be able to access plenty of new, exciting features that will help you get the most out of our app:

‚≠êÔ∏è Find out who added you to their favourites and meet singles around you.
‚≠êÔ∏è See who liked your profile. It's time to meet new people and find friends!
‚≠êÔ∏è Get your messages to read first, you‚Äôre 7x more likely to get a reply and start dating early
‚≠êÔ∏è Meet new singles before anyone else, new people are eager to chat and go on dates, talk to them first with Premium.
‚≠êÔ∏è Get UNLIMITED filters, save time by focusing on exactly what you‚Äôre looking for.
‚≠êÔ∏è Go invisible and check out profiles without revealing your identity.
‚≠êÔ∏è You can go back and get a second chance at a match!

The safest platform to chat and meet new people üëå

Badoo is a platform that consistently ensures safety and respect within our community. We do not tolerate any kind of inappropriate behavior and have strict usage guidelines, as well as an extensive list of safety features to ensure that you have the best dating experience with us.


---
Badoo is free to download and use. However, we also offer an optional subscription package, Badoo Premium. The price varies by country and may change without notice, but you can always see the exact price in the app. Badoo Premium is flexible and adapts to your needs - you can cancel your subscription at any time.

For more information, read our Privacy Policy and Terms of Use:
https://www.badoo.com/privacy
https://badoo.com/terms",
banana - Gay Male Video Chat,,,,,,,,,
"BDSM Dating, Kinky Fetish Swingers Hookup - Kink",,,,,,,,,
Be Proud! LGBT flag   1.29,Lifestyle,,,,,,,,
Bearhunt : Gay dating app for local dating,,,,,,,,,
bearwww : Gay Bear Community,,,,,,,,,
Beek - Familiar Spirit,,,,,,,,,
"Best Gay Dating App, Gay Chat, Pride Meet & Date",,,,,,,,,
Beuronline free gay arab chat,,,,,,,,,
BFun: Threesome Dating for Swingers & Bisexuals,,,,,,,,,
Bi Couples and Singles Dating App for Threesome,,,,,,,,,
Bi Curious Dating App for Lesbian and Bisexual,,,,,,,,,
Bi Curious:Bisexual Dating App-LGBT Chat & hookups,,,,,,,,,
Bi Date - Bisexual Dating for Singles & Couples,,,,,,,,,
bi wallpapers,,,,,,,,,
Bi-Bisexual Dating App For LGBTQ Singles & Couples,,,,,,,,,
BiDx | Bisexual Dating App for Bisexual Singles,,,,,,,,,
"BiggerCity: Chat for gay bears, chubs & chasers",,,,,,,,,
BiKiss Bi-curious Dating App for Singles & Couples,,,,,,,,,
BiLove- Bicupid app for Bisexual Singles & Couples,,,,,,,,,
Bisexual Amino,,,,,,,,,
"Bisexual App for 3some, Swinger,Singles Dating",,,,,,,,,
Bisexual app for Bicurious Dating - Bi Couples,,,,,,,,,
Bisexual App: Bisexual Dating & Threesome App,,,,,,,,,
Bisexual Club: Bi Chat Dating & Threesome Hookup,,,,,,,,,
Bisexual Dating & Threesome Fun For LGBTQ - BiFun,,,,,,,,,
Bisexual Dating App & Bicurious Chat for Bisingles,,,,,,,,,
Bisexual Dating App and Bi Curious Dating App,,,,,,,,,
Bisexual Dating App and Lesbian Dating App,,,,,,,,,
Bisexual Dating App for Bi Singles and Bi Couples.,,,,,,,,,
"Bisexual Dating App for Threesome,Foursome,Couples",,,,,,,,,
Bisexual Dating app for Women & BiCurious Singles,,,,,,,,,
Bisexual Dating App Meet Bicurious singles couples,,,,,,,,,
Bisexual Dating for Bisexual Singles & Bi Couples,,,,,,,,,
Bisexual Dating Sites App - Date Bisexual Singles,,,,,,,,,
Bisexual Matchmaking App Meet Bisexual Singles App,,,,,,,,,
Bisexual Women Dating App and Lesbian Dating App,,,,,,,,,
BiWorld: Bisexual Dating App For Singles & Couples,,,,,,,,,
Bix Love: Bisexual Dating App for Bisexual Singles,,,,,,,,,
Black Dating: Black Singles Meet & Dating App,,,,,,,,,
Blaze ¬∑ Make your own choices,,,,,,,,,
Blood Domination - BL Game,,,,,,,,,
Bluch - Free Gay Chat,,,,,,,,,
Blue Lite - Gay Video Chat Call & Dating App,,,,,,,,,
"Blued: Gay chat, gay dating & live stream",,,,,,,,,
BONE - Gay Social Dating Application,,,,,,,,,
Botella Gay,,,,,,,,,
Boy Crazy [a bxb chat story],,,,,,,,,
BoyAhoy - Gay Chat & Friend,,,,,,,,,
Boyfriend Plus,,,,,,,,,
British LGBT Awards,,,,,,,,,
Buckys Gu√≠a Gay,,,,,,,,,
"BUDDY - Gay chat, calendar & videos",,,,,,,,,
"Buddy - Gay Chat, Meet & Date - FREE App",,,,,,,,,
Buff - Gay Dating & Chat App,,,,,,,,,
"Bumble Bees - LGBTQ Club for Lesbians, Trans, Gays",,,,,,,,,
But You Seem Fine,,,,,,,,,
ButchFemmeLove Dating,,,,,,,,,
Camera LGBT,,,,,,,,,
Candy: LGBTQ+ Interactive love stories,,,,,,,,,
"Catch, FWB Hookup Dating App",,,,,,,,,
Chapters: Interactive Stories,,,,,,,,,
Chat Con Gente Gay y Videollamadas Gratis Gu√≠a,,,,,,,,,
chat gay amor,,,,,,,,,
Chat Gay Citas y Ligues,,,,,,,,,
chat lesbianas app,,,,,,,,,
CHAT para LESBIANAS GRATIS,,,,,,,,,
Chat PV - Gay,,,,,,,,,
Chat y V√≠deo Llamada con Gente Gay Gu√≠a,,,,,,,,,
ChillApp - Gay group events,,,,,,,,,
Choices: Stories You Play,,,,,,,,,
"Cine Gay Online - Movies, Series and Short Films",,,,,,,,,
Clarity LGBT,,,,,,,,,
"Clover Dating - Chat, Flirt & Meet 3some, Swingers",,,,,,,,,
ComeOut - Gay community & events app for LGBT men,,,,,,,,,
Coming Out LGBT Advice & Tips,,,,,,,,,
Contract Demon,,,,,,,,,
Coolio ‚Äì Gay Dating & Chat,,,,,,,,,
Cougar Dating App: Seeking Sugar Momma Older Women,,,,,,,,,
Couples Dating App for Bi Threesome and Swingers,,,,,,,,,
Cruzr Gay Chat,,,,,,,,,
CURVE - Lesbian & Bisexual Mag,,,,,,,,,
CYBERMEN : Gay chat & dating,,,,,,,,,
Daddyhunt: Fun Gay Dating,,,,,,,,,
Dangerous Fellows:your Thriller Otome game,,,,,,,,,
DateBi - Bisexual singles and Couples,,,,,,,,,
Dating & Chat App For Couples & Singles - BiCupid,,,,,,,,,
Dating & Chat with Transgender & Kinky - Transder,,,,,,,,,
"Dating app for LGBT, Bisexual & Bi-curious Singles",,,,,,,,,
DEAD DATING-P.P : Your Gay summer horror bromance,,,,,,,,,
Dekkoo,,,,,,,,,
Delighter-MeetUp App for Gay & Lesbian,,,,,,,,,
"Depictr - Straight, Lesbian, Gay, Bi, Trans Chat",,,,,,,,,
Diccionario LGBT,,,,,,,,,
DIGSSO - GAY SOCIAL NETWORK.,,,,,,,,,
DISCO üè≥Ô∏è‚Äçüåà Gay Dating & Gay Chat for Homosexuals,,,,,,,,,
Discuss LGBT*,,,,,,,,,
Dover - Gay Dating App,,,,,,,,,
Dream Daddy,,,,,,,,,
Dro - Chat with gays,,,,,,,,,
Eagle Gay Hookups - App for gay leather men,,,,,,,,,
EDGE Gay/Lesbian News,,,,,,,,,
Edougay - Free Gay Singles & LGTB Meeting,,,,,,,,,
Episode - Choose Your Story,,,,,,,,,
EqualLove - LGBTQ+ App,,,,,,,,,
Feeld: Dating & Online Chat For Couples & Singles,,,,,,,,,
"Fem Dating: Chat, Meet & Date Lesbian Singles",,,,,,,,,
"Feter: Kink, Fetish, BDSM Dating & Fet Kinky Life",,,,,,,,,
Fictions : Choose your emotions,,,,,,,,,
Find The Top Bisexual Dating & Bi-curious Chat App,,,,,,,,,
Fiorry: Transgender Dating,,,,,,,,,
First Kiss at a Spooky Soir√©e,,,,,,,,,
First Love Story„Äêotome„Éªyaoi„Éªyuri„Äëotaku dating sim,,,,,,,,,
Fit Gorillas - Fun Gay Social,,,,,,,,,
Flaybo T√ºrkiye'de ƒ∞lk LGBT Arkada≈ülƒ±k Portalƒ±,,,,,,,,,
Flokkr Places - Gay City Guide,,,,,,,,,
"Flying Lines ‚Äì BL, Yaoi & Pure Romance Webnovel",,,,,,,,,
"Flying Lines+: Read BL, Yaoi & Pure Romance Webfic",,,,,,,,,
Frases LGBT,,,,,,,,,
Free Curious Couples & Singles Dating & Chat: 3Som,,,,,,,,,
Free Gay Video Chat Club,,,,,,,,,
FreeDate - Free Gay Dating and Chat App,,,,,,,,,
Fridae - LGBT Asia,,,,,,,,,
FYGC - Find your gay competitor,,,,,,,,,
Gabile Gay Dating,,,,,,,,,
Gabule Gay Sohbet ve Tanƒ±≈üma,,,,,,,,,
GagaOOLala - Find Your Story,,,,,,,,,
Gaudi - Gay Chat & Dating,,,,,,,,,
Gay Amino,,,,,,,,,
Gay And Lesbian Dating,,,,,,,,,
GAY AND YOU?,,,,,,,,,
Gay animated stickers for whatsapp WAStickerapps,,,,,,,,,
Gay Binge TV,,,,,,,,,
Gay Catholics Christians,,,,,,,,,
Gay Chat,,,,,,,,,
Gay Chat - The Ultimate Gay Chatting App,,,,,,,,,
Gay Chat & Gay Dating - Gay App for World wide,,,,,,,,,
Gay Chat App & Gay Dating App,,,,,,,,,
"Gay Chat Dating ‚Äì Singles Online, Amor free -usa",,,,,,,,,
Gay Chat Dating Near Me App,,,,,,,,,
Gay Chat free,,,,,,,,,
Gay couple games for party,,,,,,,,,
Gay Couples - Sex Games For Gay Couples,,,,,,,,,
Gay Date,,,,,,,,,
GAY DATING,,,,,,,,,
Gay Dating - Gay Live Video Chat App,,,,,,,,,
Gay Dating - Meet gay men in your area,,,,,,,,,
Gay Dating & Chat,,,,,,,,,
Gay Dating App - AGA,,,,,,,,,
Gay Dating App - Local Dating App,,,,,,,,,
Gay Dating Site - BOL,,,,,,,,,
Gay Dating Video Chat for Guys - Live Chat,,,,,,,,,
"Gay Dating, Chat and Meet",,,,,,,,,
GAY FM - Pure Dance,,,,,,,,,
Gay Girl Net,,,,,,,,,
Gay Guide Vallarta,,,,,,,,,
Gay guys chat & dating app - GayFriendly.dating,,,,,,,,,
Gay Horoscope,,,,,,,,,
GAY IT!: Free gay chat with geolocalization,,,,,,,,,
Gay Live - Free Video Chat for GAY,,,,,,,,,
Gay Live Talk-Gay Male Live Video Chat and Dating,,,,,,,,,
Gay Live Video Chat and Dating : Gaypal,,,,,,,,,
Gay Male Video Chat - Random Male Live Video Chat,,,,,,,,,
Gay Map,,,,,,,,,
Gay Map Free,,,,,,,,,
Gay Map PRO,,,,,,,,,
Gay Music Radio,,,,,,,,,
Gay Partner - gay video chat app,,,,,,,,,
Gay Personal Ads - Men Dating,,,,,,,,,
Gay Pop Radio LGBT Los Angeles,,,,,,,,,
Gay Pride Photo Editor,,,,,,,,,
Gay pride stickers - icons for WhatsApp,,,,,,,,,
Gay Quotes,,,,,,,,,
Gay ringtones,,,,,,,,,
Gay Scout by DAMRON,,,,,,,,,
Gay Share Australia - Gay & Lesbian Flatmates,,,,,,,,,
Gay Sitges Guide,,,,,,,,,
Gay Stickers - WAStickerApps,,,,,,,,,
Gay Stickers And Gay Pride,,,,,,,,,
Gay Stickers for WhatsApp - WAStickerApps,,,,,,,,,
"Gay Sugar Daddy & Muscle Daddies, Baby Chaser App",,,,,,,,,
Gay Sugar Daddy Dating App,,,,,,,,,
Gay tchat and dating BB,,,,,,,,,
Gay test,,,,,,,,,
Gay Test: Am i Gay or Straight,,,,,,,,,
GAY TIMES,,,,,,,,,
Gay Travel,,,,,,,,,
Gay True,,,,,,,,,
Gay Valentine Cards ‚Äì LGBT Greeting Cards,,,,,,,,,
Gay video chat & dating Homosexuals : Live Gay,,,,,,,,,
Gay Weddings and Marriage,,,,,,,,,
Gay Widows,,,,,,,,,
Gay World,,,,,,,,,
Gay Yellow Pages,,,,,,,,,
GAY-T : Meilleure application gay s√©rieuse,,,,,,,,,
"Gay, Lesbian Love Spells / Stop Cheating Spells",,,,,,,,,
"Gay, Lesbian Love Spells | Stop Divorce Spells",,,,,,,,,
GAYamo.re - Gay Chat und Dating f√ºr Schwule,,,,,,,,,
GAYBC - Gay Christian Dating App,,,,,,,,,
"Gaydar - Gay Chat, Dating Apps & Meet Me Online",,,,,,,,,
Gaydar. Gay & Bisexual Dating.,,,,,,,,,
GayDate - The Ultimate Gay Dating & Chatting App,,,,,,,,,
Gaymak - Gay Chat and Dating,,,,,,,,,
GayMardelChat,,,,,,,,,
gayNOLA (aka gay NOLA),,,,,,,,,
"GayRoyal - Gay Dating, Chat, Love",,,,,,,,,
GayXchange: Gay Chat & Dating,,,,,,,,,
GChat - Gay Chat & Dating,,,,,,,,,
GDate: Gay Dating Apps & Flirt,,,,,,,,,
GDating - Chat and gay dating,,,,,,,,,
GetHitched - LGBT Matrimonial,,,,,,,,,
Getmale Gay dating - Meet gays,,,,,,,,,
Getmorefriends LGBT - Meet and find LGBT friends,,,,,,,,,
Gikers: Gay Hikers & Bikers - LGBTQ & Friends,,,,,,,,,
GINTER - GAY VIDEO CHAT,,,,,,,,,
Girl Zone - Lesbian Dating App & Female Friendship,,,,,,,,,
GKiss: Gay Dating & Chat,,,,,,,,,
GL Nations - Free LGBT Streaming Your Way,,,,,,,,,
GLXY - a 100 % FREE Gay Chat & Dating App,,,,,,,,,
God is Gay,,,,,,,,,
Grindr - Gay chat,,,,,,,,,
Grizzly - Gay Dating and Chat,,,,,,,,,
GROWLr: Gay Bears Near You,,,,,,,,,
Gsland - Gay Dating & Chat & Match,,,,,,,,,
GTing-Gay Dating,,,,,,,,,
Guess the Gay Celebrity (Queer & LGBTQ GAME),,,,,,,,,
Guydi,,,,,,,,,
Guys Only Dating: Gay Chat,,,,,,,,,
GuySpy: Gay Dating and Chat App,,,,,,,,,
GYEE,,,,,,,,,
GYM - Gay Chat & Dating,,,,,,,,,
Ha! Gay! Button,,,,,,,,,
HappiTV,,,,,,,,,
Havenless - Your Choice Otome Thriller Game,,,,,,,,,
HD LGBT Wallpapers and image editor,,,,,,,,,
Her - Lesbian Dating App,,,,,,,,,
her tears were my light,,,,,,,,,
Hey Love Chris: Chat Love Story,,,,,,,,,
hidden bi wallpapers,,,,,,,,,
Hily Dating App: Meet New People & Enjoy streaming,,,,,,,,,
HIM - Gay Dating & Chat,,,,,,,,,
Historias rom√°nticas gays,,,,,,,,,
HOLE ‚Äî the gay dating app,,,,,,,,,
Homo Driver,,,,,,,,,
Hookup Dating X,,,,,,,,,
Hookup: Casual Dating Flirt app - Hook up Nearby,,,,,,,,,
Hookups - Hookup Dating for Singles Date Hook Up,,,,,,,,,
Hornet - Gay Social Network,,,,,,,,,
Hot Gay Movies and Videos 2021,,,,,,,,,
Hotmale - Gay Social Dating,,,,,,,,,
How to Tell if Someone is Gay Guide,,,,,,,,,
Imagenes LGBT,,,,,,,,,
Immortal Heart : Sexy Anime Otome Game Dating Sim,,,,,,,,,
Indian Lesbian Chat,,,,,,,,,
InstaGuy,,,,,,,,,
Intensive Care ( Hospital Interactive Story ),,,,,,,,,
IVISCO ClubGay GayChat Chat Gay Chile,,,,,,,,,
Jack‚Äôd - Gay Chat & Dating,,,,,,,,,
Just She - Top Lesbian Dating,,,,,,,,,
Keyboard Theme for LGBT Love,,,,,,,,,
"kink: Kinky Dating App for BDSM, Kink & Fetish",,,,,,,,,
"KinkLife: Kinky, BDSM Dating & Fetish Lifestyle",,,,,,,,,
Kinky Dating Chat & Gay Date Lifestyle App - GFet,,,,,,,,,
LA LGBT Center AR,,,,,,,,,
Lady - Lesbian Dating App,,,,,,,,,
Latest Gay Videos,,,,,,,,,
LDating - Chat and Lesbian dating,,,,,,,,,
"Les-Bi:Lesbian Chat & Bi Dating Couples,Singles",,,,,,,,,
"Les: Lesbian Dating App, Chat & Meet Up LGBT Girls",,,,,,,,,
LESARION - lesbian dating,,,,,,,,,
Lesbesocial - Lesbian group & events community app,,,,,,,,,
Lesbian Adult Dating,,,,,,,,,
Lesbian Amino,,,,,,,,,
Lesbian Chat - Girls Chatting App,,,,,,,,,
Lesbian Chat & Dating-Random LGBT Girl Video Chat,,,,,,,,,
"Lesbian Chat Dating - single women, amor free -usa",,,,,,,,,
Lesbian Chat Espa√±ol,,,,,,,,,
Lesbian Dating,,,,,,,,,
Lesbian Dating - Meet & Chat,,,,,,,,,
"Lesbian Dating , Chat & Date Hookup, LGBT Girls",,,,,,,,,
Lesbian Dating App - AGA,,,,,,,,,
Lesbian dating App & Bisexual Dating app chat room,,,,,,,,,
Lesbian Dating app free | lesbica | chat girls,,,,,,,,,
Lesbian Go,,,,,,,,,
Lesbian Island - Lesbian Dating App &Lesbian Chat,,,,,,,,,
Lesbian Quotes,,,,,,,,,
Lesbian test,,,,,,,,,
Lesbian Vibrator,,,,,,,,,
Lesbianas Amino,,,,,,,,,
Lesbingo - lesbian bisexual dating apps free,,,,,,,,,
LesflicksVOD,,,,,,,,,
LesPark - Lesbian Dating & Chat & Live broadcast,,,,,,,,,
"Lex - Queer, Lesbian, Trans LGBT Friends & Dating",,,,,,,,,
LezFindr Match - The Network For Lesbians,,,,,,,,,
LGBT 4k & Super HD Wallpapers Offline & Free,,,,,,,,,
LGBT Amino em Portugu√™s,,,,,,,,,
LGBT Amino en Espa√±ol,,,,,,,,,
‚ÄãLGBT Bar Annual 2017,,,,,,,,,
LGBT Center of Raleigh,,,,,,,,,
LGBT Chat and Wallpapers 4K HD Fondos de Pantalla,,,,,,,,,
LGBT Color by Number for Adults,,,,,,,,,
LGBT CR Finder,,,,,,,,,
LGBT DATING,,,,,,,,,
LGBT Emoji Sticker Keyboard,,,,,,,,,
LGBT Flags Merge!,,,,,,,,,
LGBT Gay Greeting Cards,,,,,,,,,
LGBT Gay Lesbian Stickers for chat - WAStickerApps,,,,,,,,,
LGBT Gay Music Radio Stations,,,,,,,,,
LGBT Gay Radio FM,,,,,,,,,
LGBT Gay Radio FM +  6.99,,,,,,,,,
LGBT Gay Radio FM PRO    46.99,,,,,,,,,
LGBT Keyboard,,,,,,,,,
LGBT Leaders 2017,,,,,,,,,
LGBT Lingo - MOGAI Dictionary,,,,,,,,,
LGBT Lock Screen,,,,,,,,,
LGBT Love Keyboard Background,,,,,,,,,
LGBT Love Wins Keyboard Stickers for Gboard   3.69,,,,,,,,,
LGBT music online radios,,,,,,,,,
LGBT Pride,,,,,,,,,
LGBT Pride Photo Creator,,,,,,,,,
LGBT Pride Radio,,,,,,,,,
LGBT Pride Stickers ‚Äì Love Photo Editor With Text,,,,,,,,,
LGBT Quotes,,,,,,,,,
LGBT Radio,,,,,,,,,
LGBT Radio üè≥Ô∏è‚Äçüåà üìª - Talk News Music,,,,,,,,,
LGBT Radio Stations,,,,,,,,,
LGBT Radio Stations Online - LGBT FM AM Music,,,,,,,,,
LGBT Social,,,,,,,,,
LGBT Stickers,,,,,,,,,
LGBT VIP NEWSFEED,,,,,,,,,
LGBT Wallpapers,,,,,,,,,
LGBT Wallpapers üåà Rainbow wallpaper,,,,,,,,,
LGBT-Space,,,,,,,,,
LGBT+,,,,,,,,,
LGBT+ Amino Community and Chat,,,,,,,,,
LGBTQ Girl Live Keyboard Background,,,,,,,,,
LGBTQ Heart Keyboard Background,,,,,,,,,
LGBTQ Pride Keyboard Theme,,,,,,,,,
LGBTQ Schwul Soundboard - (Gay Soundboard),,,,,,,,,
LGBTQI+social,,,,,,,,,
LIVE A HERO,,,,,,,,,
LongStory: Choose your date,,,,,,,,,
Love & Diaries : Duncan - Romance Interactive,,,,,,,,,
Love Star - Interactive Story & Romance Game,,,,,,,,,
Love Triangle -Free Otome Game,,,,,,,,,
Lovestruck Choose Your Romance,,,,,,,,,
Lu Gyi,,,,,,,,,
Maleforce Gay-Voice-Video Chat,,,,,,,,,
ManAboutWorld Gay Travel Mag,,,,,,,,,
Mandrake Boys,,,,,,,,,
Manhunt - Best Gay Dating App,,,,,,,,,
"Manhunt ‚Äì Gay Chat, Meet, Date",,,,,,,,,
Manlovedating,,,,,,,,,
marcos para fotos lgbt orgullo gay editor de fotos,,,,,,,,,
"Meet Market Gay Dating: Chat, Meet & Date New Guys",,,,,,,,,
Men and Women Personal Ads - dating and love,,,,,,,,,
Mensa-LGBT-SIG,,,,,,,,,
Moments: Choose Your Story,,,,,,,,,
Moovs,,,,,,,,,
MoreThanOne - Poly Dating,,,,,,,,,
MR X: Gay Dating & Chat,,,,,,,,,
"MUSLapp - Find Gay Friends, Gay Dating, Gay Hookup",,,,,,,,,
My Filipina Friend,,,,,,,,,
My Rental Girlfriend,,,,,,,,,
My Virtual Gay Boyfriend 1.59,,,,,,,,,
My Virtual Gay Boyfriend Free,,,,,,,,,
myGwork - The LGBT Business Community,,,,,,,,,
Naughty Gays At Work (Interactive Story For Guys),,,,,,,,,
Neko Amino,,,,,,,,,
Neon Pride Flag Keyboard Theme,,,,,,,,,
New Gay Videos,,,,,,,,,
Niche dating - Best niche dating reviews,,,,,,,,,
Night of the Lesbian Vampires,,,,,,,,,
ONE Night - Hook Up Dating App,,,,,,,,,
One Night Speed Dating Appüî•Hook Up Single Friends,,,,,,,,,
One Night Stand - Be Naughty Date App For Swingers,,,,,,,,,
Only Lads : Gay Dating,,,,,,,,,
Only Women : Lesbian dating,,,,,,,,,
OnlyFans- app GAY guide,,,,,,,,,
Orgi App,,,,,,,,,
Out Events - Get Out and Enjoy LGBT Events,,,,,,,,,
Outfest Now,,,,,,,,,
Outfilm,,,,,,,,,
OUTJAX Radio - LGBT Radio,,,,,,,,,
OUTshine LGBT Film Fest,,,,,,,,,
Party in my Dorm: College Life Roleplay Chat Game,,,,,,,,,
Passion Fruut,,,,,,,,,
Peacock ‚Äì Gay Sex Calendar  2.49,,,,,,,,,
PinkCupid - Lesbian Dating App,,,,,,,,,
PinkNews,,,,,,,,,
Polyamory Dating App for Open Couples and Singles,,,,,,,,,
"POZ Radar Gay Dating, Chat and Meet",,,,,,,,,
Pride App,,,,,,,,,
Pride Counseling - LGBTQ Specialized Therapists,,,,,,,,,
Pride Flag Live Wallpaper,,,,,,,,,
Pride Live Wallpaper,,,,,,,,,
Pride Love Skull Keyboard Theme,,,,,,,,,
Pride on the Beach,,,,,,,,,
Pride Quiz,,,,,,,,,
Pride Wallpaper HD,,,,,,,,,
Pride Wallpapers,,,,,,,,,
Pride Wear - LGBT+ Rainbow Watch Faces for Wear OS   1.49,,,,,,,,,
ProudFM,,,,,,,,,
PROUDR,,,,,,,,,
"PURE Hookup - anonymous chat & dating, flirt 18+",,,,,,,,,
QBiz.lgbt,,,,,,,,,
Qboyss: Gay Chat & Video Dating App,,,,,,,,,
"QTalk - Video chat, gay, meet lesbian",,,,,,,,,
Queer.pl - apka dla os√≥b LGBT,,,,,,,,,
QueerBFF,,,,,,,,,
Quiz of Trans,,,,,,,,,
Qutie - LGBT Dating and Social Networking,,,,,,,,,
QutieLife - LGBTQ City Building Social Sim Game,,,,,,,,,
Radio Gay FM - Gay App,,,,,,,,,
"Rainbow - Gay chat, gay dating",,,,,,,,,
Rainbow Flag Emoji Keyboard theme for Gay pride,,,,,,,,,
Rainbow Flag LWP,,,,,,,,,
Rainbow Madness | Ultimate Gay Game for Parties,,,,,,,,,
Rainbow Pride Keyboard Theme,,,,,,,,,
RealMen - Free Gay Chat & Dating,,,,,,,,,
Reel-Q Pittsburgh LGBT Film Festival,,,,,,,,,
Rencontre LGBT s√©rieuse,,,,,,,,,
Revry,,,,,,,,,
ROMEO - Gay Dating & Chat,,,,,,,,,
Ruggd - Gay Bears Cowboys Chasers Dating for Men,,,,,,,,,
Rumpur: Gay Dating & Gay Video Chat,,,,,,,,,
Scandal: Interactive Stories,,,,,,,,,
Scoop - Lesbian Gay News (LGBTQ),,,,,,,,,
SCRUFF,,,,,,,,,
Secret Vibrator For Gays,,,,,,,,,
Secrets: Game of Choices,,,,,,,,,
"Sex Tracker Logger Calendar, Couple Adult Diary",,,,,,,,,
"Sex.Dating Hookup Bisexual, Swingers & Threesome",,,,,,,,,
Sexcapades - Gay Pleasure Pack,,,,,,,,,
Shakerr: Totally FREE Gay Men Dating & Chat,,,,,,,,,
Shuggr - Gay Chat & Dating,,,,,,,,,
Sister Wives - Poly Dating & Matchmaking App,,,,,,,,,
SLS Official Largest Global Swinger Community,,,,,,,,,
Solanaceae: Another Time,,,,,,,,,
"SoulMale - Gay Dating, Chat and Relationships",,,,,,,,,
Spartacus International Gay Guide,,,,,,,,,
SPICY üå∂ Lesbian Chat & Dating,,,,,,,,,
Story Beats: Operate Now Stories,,,,,,,,,
SURGE ‚Äì Gay Dating & Chat,,,,,,,,,
Swiit Crush - Interactive Stories,,,,,,,,,
Swinda! - Lesbian Hookup and Dating,,,,,,,,,
Swing'App - The Swinger App,,,,,,,,,
Swingers - Fetish Date For Couples & 3some Finders,,,,,,,,,
"Swingers App For Singles, Couples & Threesome App",,,,,,,,,
"Swingers, Hookups, Threesomes & Kink by SDC",,,,,,,,,
Swiper - Matching for Gay and Lesbian,,,,,,,,,
Tabou Stories: Love Episodes,,,,,,,,,
Tabuu - Dating App for Curious Couples & Singles,,,,,,,,,
"Taimi - LGBTQ+ Dating, Chat and Social Network",,,,,,,,,
Taiwan Gay Travel,,,,,,,,,
Tarot Gay,,,,,,,,,
Teen Chat Room,,,,,,,,,
Tello Films,,,,,,,,,
Telugu gay chat,,,,,,,,,
Test of Sexual Orientation,,,,,,,,,
The Arcana: A Mystic Romance - Love Story,,,,,,,,,
The Bro App (BRO),,,,,,,,,
The Gay Body Coach,,,,,,,,,
The Gay Youth Corner   2.19,,,,,,,,,
The House of Grudge : Romance Otome Game,,,,,,,,,
The Law of the First Love „Ö£ BL/Yaoi otome game,,,,,,,,,
The Score: interactive men stories & games,,,,,,,,,
thehub.lgbt,,,,,,,,,
there's this girl,,,,,,,,,
Threesome & Kinky BDSM Dating & Hookup APP: 3KINK,,,,,,,,,
Threesome Dating - Kink Couples & Singles - 3SomeD,,,,,,,,,
Threesome Dating Ads for Couples & Singles: 3Club,,,,,,,,,
"Threesome Dating App for Bisexual Singles, couples",,,,,,,,,
Threesome Dating App for Couple & Swingers: Easy3P,,,,,,,,,
Threesome Dating App for Couples & Swingers: 3rder,,,,,,,,,
Threesome Dating App for Couples & Swingers: 3ser,,,,,,,,,
"Threesome dating App for Couples, Swingers Dating",,,,,,,,,
Threesome Dating App for Singles & Couples-Bicupid,,,,,,,,,
Threesome Dating App For Singles& Bi Couples-3some,,,,,,,,,
Threesome Dating App for swingers & couples Dating,,,,,,,,,
"Threesome Dating App for Swingers, Couples - 3Sum",,,,,,,,,
"Threesome Dating App for Swingers, Couples Dating",,,,,,,,,
"Threesome Dating App, Swingers App &Couples Dating",,,,,,,,,
Threesome Dating Club for Open Minded Couples,,,,,,,,,
Threesome Dating For Swingers & Bisexual: 3Hook,,,,,,,,,
Threesome Hookup & Free Dating App - The Unicorn,,,,,,,,,
Tokyo Afterschool Summoners,,,,,,,,,
Tomai,,,,,,,,,
"TopGay - gay video chat, gay friends, gay dating",,,,,,,,,
"Trans - Transgender, Kinky, Dating & Chat",,,,,,,,,
Trans-Gay Live Chat Date Bisexual Meet&Video Call,,,,,,,,,
TransFable ‚Äî Transgender & Crossdresser Dating,,,,,,,,,
"TransG:Transgender, Crossdresser, Date Free Chat",,,,,,,,,
Transgender Flirt,,,,,,,,,
Transgender: Trans Dating for TS & Crossdresser,,,,,,,,,
Transition,,,,,,,,,
"Transpal - Transgender Dating, Trans Meet & Chat",,,,,,,,,
"Trilove:Threesome,Swingers,kinky Couple Dating App",,,,,,,,,
TruckerSucker gay dating truck drivers & truckers,,,,,,,,,
True Tea Magazine LGBT Live Radio,,,,,,,,,
"TrulyHim --Gay dating, Live Chat & Video Calling",,,,,,,,,
TS Dating: Free TS Dating App,,,,,,,,,
TWINK - Same Sex üçÜüçë Gay Chat üå∂ Live Dating,,,,,,,,,
Twinks Boys,,,,,,,,,
u4Bear: Gay Bear Social App,,,,,,,,,
Umeed Gay/LGBT matrimony,,,,,,,,,
Unicorn- Unique Gay to Date,,,,,,,,,
United Men,,,,,,,,,
UrbanGay : gay & lesbian chat,,,,,,,,,
Urge - Gay Chat,,,,,,,,,
Vampire Boyfriend Plus/Yaoi Game,,,,,,,,,
Venom - Lesbian & LGBTQ Dating App,,,,,,,,,
VIGR,,,,,,,,,
Virtual Boyfriend For Gays (Texting App Game),,,,,,,,,
VU:BDSM Dating& Fet Life Style Chat Meet Personals,,,,,,,,,
W | Bear : Gay Bear's Chat App,,,,,,,,,
WALLPAPERS LGBT NASH,,,,,,,,,
"Wapa: Lesbian Dating, Find a Match & Chat to Women",,,,,,,,,
"Wapo: Gay Dating - Find, Meet & Chat to Men",,,,,,,,,
WAStickerapps Lgbt,,,,,,,,,
WE : LGBT+ Dating & Community!,,,,,,,,,
What Do You Think - FOR LGBT COMMUNITY,,,,,,,,,
Wild - Adult Hookup Finder & Casual Dating App,,,,,,,,,
Windfall LGBT,,,,,,,,,
WooHim - For Gay Guys,,,,,,,,,
World Gay News Today,,,,,,,,,
Xtudr,,,,,,,,,
Xy : Sincere and Secure Gay network,,,,,,,,,
Yaoi Beast Boys : Anime Romance Game,,,,,,,,,
Yearning: A Gay Story,,,,,,,,,
YouProud ‚Äì totally free progressive LGBT platform.,,,,,,,,,
Your Dry Delight (BL/Yaoi game),,,,,,,,,
Zebra - Gay Interracial Dating,,,,,,,,,
Zoe: Lesbian Dating & Chat App,,,,,,,,,
"Í≤åÏù¥ Îç∞Ïù¥ÌåÖ Ïï±, ÏΩîÏñ¥ üë¨(Gay Dating app CORE) üåà",,,,,,,,,
„Éõ„É≠„Ç±„Ç¶„Ç´„É†„Ç§„Å®„ÅÑ„Å£„Åó„Çá,,,,,,,,,
,,,,,,,,,
,,,,,,,,,
,,,,,,,,,
,,,,,,,,,
,,,,,,,,,
,,,,,,,,,
,,,,,,,,,
,,,,,,,,,
,,,,,,,,,
,,,,,,,,,
,,,,,,,,,
,,,,,,,,,
,,,,,,,,,
,,,,,,,,,
,,,,,,,,,
,,,,,,,,,
,,,,,,,,,
,,,,,,,,,
,,,,,,,,,
,,,,,,,,,
,,,,,,,,,
,,,,,,,,,
,,,,,,,,,
,,,,,,,,,
,,,,,,,,,
,,,,,,,,,
,,,,,,,,,
,,,,,,,,,
,,,,,,,,,
,,,,,,,,,
,,,,,,,,,
,,,,,,,,,
,,,,,,,,,
,,,,,,,,,
,,,,,,,,,
,,,,,,,,,
,,,,,,,,,
,,,,,,,,,
,,,,,,,,,
,,,,,,,,,
,,,,,,,,,
,,,,,,,,,
,,,,,,,,,
,,,,,,,,,
,,,,,,,,,
,,,,,,,,,
,,,,,,,,,
,,,,,,,,,
,,,,,,,,,
,,,,,,,,,
,,,,,,,,,
,,,,,,,,,
,,,,,,,,,
,,,,,,,,,
,,,,,,,,,
,,,,,,,,,
,,,,,,,,,
,,,,,,,,,
,,,,,,,,,
,,,,,,,,,
,,,,,,,,,
,,,,,,,,,
,,,,,,,,,
,,,,,,,,,
,,,,,,,,,
,,,,,,,,,
,,,,,,,,,
,,,,,,,,,
,,,,,,,,,
,,,,,,,,,
,,,,,,,,,
,,,,,,,,,
,,,,,,,,,
,,,,,,,,,
,,,,,,,,,
,,,,,,,,,
,,,,,,,,,
,,,,,,,,,
,,,,,,,,,
,,,,,,,,,
,,,,,,,,,
,,,,,,,,,
,,,,,,,,,
,,,,,,,,,
,,,,,,,,,
,,,,,,,,,
,,,,,,,,,
,,,,,,,,,
,,,,,,,,,
,,,,,,,,,
,,,,,,,,,
,,,,,,,,,
,,,,,,,,,
,,,,,,,,,
,,,,,,,,,
,,,,,,,,,
,,,,,,,,,
,,,,,,,,,
,,,,,,,,,
,,,,,,,,,
,,,,,,,,,
,,,,,,,,,
,,,,,,,,,
,,,,,,,,,
,,,,,,,,,
,,,,,,,,,
,,,,,,,,,
,,,,,,,,,
,,,,,,,,,
,,,,,,,,,
,,,,,,,,,
,,,,,,,,,
,,,,,,,,,
,,,,,,,,,
,,,,,,,,,
,,,,,,,,,
,,,,,,,,,
,,,,,,,,,
,,,,,,,,,
,,,,,,,,,
,,,,,,,,,
,,,,,,,,,
,,,,,,,,,
,,,,,,,,,
,,,,,,,,,
,,,,,,,,,
,,,,,,,,,
,,,,,,,,,
,,,,,,,,,
,,,,,,,,,
,,,,,,,,,
,,,,,,,,,
,,,,,,,,,
,,,,,,,,,
,,,,,,,,,
,,,,,,,,,
,,,,,,,,,
,,,,,,,,,
,,,,,,,,,
,,,,,,,,,
,,,,,,,,,
,,,,,,,,,
,,,,,,,,,
,,,,,,,,,
,,,,,,,,,
,,,,,,,,,
,,,,,,,,,
,,,,,,,,,
,,,,,,,,,
,,,,,,,,,
,,,,,,,,,
,,,,,,,,,
,,,,,,,,,
,,,,,,,,,
,,,,,,,,,
,,,,,,,,,
,,,,,,,,,
,,,,,,,,,
,,,,,,,,,
,,,,,,,,,
,,,,,,,,,
,,,,,,,,,
,,,,,,,,,
,,,,,,,,,
,,,,,,,,,
,,,,,,,,,
,,,,,,,,,
,,,,,,,,,
,,,,,,,,,
,,,,,,,,,
,,,,,,,,,
,,,,,,,,,
,,,,,,,,,
,,,,,,,,,
,,,,,,,,,
,,,,,,,,,
,,,,,,,,,
,,,,,,,,,
,,,,,,,,,
,,,,,,,,,
,,,,,,,,,
,,,,,,,,,
,,,,,,,,,
,,,,,,,,,
,,,,,,,,,
,,,,,,,,,
,,,,,,,,,
,,,,,,,,,
,,,,,,,,,
,,,,,,,,,
,,,,,,,,,
,,,,,,,,,
,,,,,,,,,
,,,,,,,,,
,,,,,,,,,
,,,,,,,,,
,,,,,,,,,
,,,,,,,,,
,,,,,,,,,
,,,,,,,,,
,,,,,,,,,
,,,,,,,,,
,,,,,,,,,
,,,,,,,,,
,,,,,,,,,
,,,,,,,,,
,,,,,,,,,
,,,,,,,,,
,,,,,,,,,
,,,,,,,,,
,,,,,,,,,
,,,,,,,,,
,,,,,,,,,
,,,,,,,,,
,,,,,,,,,
,,,,,,,,,
,,,,,,,,,
,,,,,,,,,
,,,,,,,,,
,,,,,,,,,
,,,,,,,,,
,,,,,,,,,
,,,,,,,,,
,,,,,,,,,
,,,,,,,,,
,,,,,,,,,
,,,,,,,,,
,,,,,,,,,
,,,,,,,,,
,,,,,,,,,
,,,,,,,,,
,,,,,,,,,
,,,,,,,,,
,,,,,,,,,
,,,,,,,,,
,,,,,,,,,
,,,,,,,,,
,,,,,,,,,
,,,,,,,,,
,,,,,,,,,
,,,,,,,,,
,,,,,,,,,
,,,,,,,,,
,,,,,,,,,
,,,,,,,,,
,,,,,,,,,
,,,,,,,,,
,,,,,,,,,
,,,,,,,,,
,,,,,,,,,
,,,,,,,,,
,,,,,,,,,
,,,,,,,,,
,,,,,,,,,
,,,,,,,,,
,,,,,,,,,
,,,,,,,,,
,,,,,,,,,
,,,,,,,,,
,,,,,,,,,
,,,,,,,,,
,,,,,,,,,
,,,,,,,,,
,,,,,,,,,
,,,,,,,,,
,,,,,,,,,
,,,,,,,,,
,,,,,,,,,
,,,,,,,,,
,,,,,,,,,
,,,,,,,,,
,,,,,,,,,
,,,,,,,,,
,,,,,,,,,
,,,,,,,,,
,,,,,,,,,
,,,,,,,,,
,,,,,,,,,
,,,,,,,,,
,,,,,,,,,
,,,,,,,,,
,,,,,,,,,
,,,,,,,,,
,,,,,,,,,
,,,,,,,,,
,,,,,,,,,
,,,,,,,,,
,,,,,,,,,
,,,,,,,,,
,,,,,,,,,
,,,,,,,,,
,,,,,,,,,
,,,,,,,,,
,,,,,,,,,
,,,,,,,,,
,,,,,,,,,
,,,,,,,,,
,,,,,,,,,
,,,,,,,,,
,,,,,,,,,
,,,,,,,,,
,,,,,,,,,
,,,,,,,,,
,,,,,,,,,
,,,,,,,,,
,,,,,,,,,
,,,,,,,,,
,,,,,,,,,
,,,,,,,,,
,,,,,,,,,
,,,,,,,,,
,,,,,,,,,
,,,,,,,,,
,,,,,,,,,
,,,,,,,,,
,,,,,,,,,
,,,,,,,,,
,,,,,,,,,
,,,,,,,,,
,,,,,,,,,
,,,,,,,,,
,,,,,,,,,
,,,,,,,,,
,,,,,,,,,
,,,,,,,,,
,,,,,,,,,
,,,,,,,,,
,,,,,,,,,
,,,,,,,,,
,,,,,,,,,
,,,,,,,,,
,,,,,,,,,
,,,,,,,,,
,,,,,,,,,
,,,,,,,,,
,,,,,,,,,
,Simulation,,,,,,,,